{"generic_approved": {"accuracy_score": {"average": 0.8412141169450872, "min": 0.7447916666666666, "max": 0.9056603773584906, "10th-percentile": 0.7621621621621621, "90th-percentile": 0.89937106918239}, "confusion_matrix": {"true-positive": {"average": 0.7407407407407407, "min": 0, "max": 1, "10th-percentile": 0, "90th-percentile": 1}, "false-positive": {"average": 27.22222222222222, "min": 15, "max": 49, "10th-percentile": 16, "90th-percentile": 43}, "false-negative": {"average": 0.3333333333333333, "min": 0, "max": 1, "10th-percentile": 0, "90th-percentile": 1}, "true-negative": {"average": 141.7037037037037, "min": 140, "max": 143, "10th-percentile": 141, "90th-percentile": 142}}}, "generic_voted": {"accuracy_score": {"average": 0.8320841459293822, "min": 0.6736842105263158, "max": 0.9, "10th-percentile": 0.6939890710382514, "90th-percentile": 0.8930817610062893}, "confusion_matrix": {"true-positive": {"average": 1.0, "min": 0, "max": 4, "10th-percentile": 0, "90th-percentile": 1}, "false-positive": {"average": 28.85185185185185, "min": 16, "max": 62, "10th-percentile": 16, "90th-percentile": 54}, "false-negative": {"average": 0.37037037037037035, "min": 0, "max": 3, "10th-percentile": 0, "90th-percentile": 1}, "true-negative": {"average": 139.77777777777777, "min": 125, "max": 150, "10th-percentile": 127, "90th-percentile": 148}}}, "mediawiki-extensions-CheckUser_approved": {"accuracy_score": {"average": 0.8409811796052317, "min": 0.7447916666666666, "max": 0.9056603773584906, "10th-percentile": 0.7621621621621621, "90th-percentile": 0.89937106918239}, "confusion_matrix": {"true-positive": {"average": 0.7407407407407407, "min": 0, "max": 1, "10th-percentile": 0, "90th-percentile": 1}, "false-positive": {"average": 27.25925925925926, "min": 15, "max": 49, "10th-percentile": 16, "90th-percentile": 43}, "false-negative": {"average": 0.3333333333333333, "min": 0, "max": 1, "10th-percentile": 0, "90th-percentile": 1}, "true-negative": {"average": 141.66666666666666, "min": 140, "max": 143, "10th-percentile": 141, "90th-percentile": 142}}}, "mediawiki-extensions-CheckUser_voted": {"accuracy_score": {"average": 0.8211091168688003, "min": 0.6105263157894737, "max": 0.8975903614457831, "10th-percentile": 0.6612903225806451, "90th-percentile": 0.8928571428571429}, "confusion_matrix": {"true-positive": {"average": 1.0, "min": 0, "max": 4, "10th-percentile": 0, "90th-percentile": 1}, "false-positive": {"average": 30.814814814814813, "min": 17, "max": 74, "10th-percentile": 17, "90th-percentile": 60}, "false-negative": {"average": 0.37037037037037035, "min": 0, "max": 3, "10th-percentile": 0, "90th-percentile": 1}, "true-negative": {"average": 137.8148148148148, "min": 115, "max": 150, "10th-percentile": 122, "90th-percentile": 148}}}, "mediawiki-extensions-CheckUser_open_approved": {"accuracy_score": {"average": null, "min": null, "max": null, "10th-percentile": null, "90th-percentile": null, "_all_scores": []}, "confusion_matrix": {"true-positive": {"average": null, "min": null, "max": null, "10th-percentile": null, "90th-percentile": null, "_all_scores": []}, "false-positive": {"average": null, "min": null, "max": null, "10th-percentile": null, "90th-percentile": null, "_all_scores": []}, "false-negative": {"average": null, "min": null, "max": null, "10th-percentile": null, "90th-percentile": null, "_all_scores": []}, "true-negative": {"average": null, "min": null, "max": null, "10th-percentile": null, "90th-percentile": null, "_all_scores": []}}}, "mediawiki-extensions-CheckUser_open_voted": {"accuracy_score": {"average": 0.8711656441717791, "min": 0.8711656441717791, "max": 0.8711656441717791, "10th-percentile": 0.8711656441717791, "90th-percentile": 0.8711656441717791}, "confusion_matrix": {"true-positive": {"average": 4.0, "min": 4, "max": 4, "10th-percentile": 4, "90th-percentile": 4}, "false-positive": {"average": 18.0, "min": 18, "max": 18, "10th-percentile": 18, "90th-percentile": 18}, "false-negative": {"average": 3.0, "min": 3, "max": 3, "10th-percentile": 3, "90th-percentile": 3}, "true-negative": {"average": 138.0, "min": 138, "max": 138, "10th-percentile": 138, "90th-percentile": 138}}}, "mediawiki-extensions-CheckUser_merged_approved": {"accuracy_score": {"average": 0.8400561990190242, "min": 0.7447916666666666, "max": 0.9056603773584906, "10th-percentile": 0.7621621621621621, "90th-percentile": 0.89937106918239}, "confusion_matrix": {"true-positive": {"average": 0.7692307692307693, "min": 0, "max": 1, "10th-percentile": 0, "90th-percentile": 1}, "false-positive": {"average": 27.46153846153846, "min": 15, "max": 49, "10th-percentile": 16, "90th-percentile": 43}, "false-negative": {"average": 0.34615384615384615, "min": 0, "max": 1, "10th-percentile": 0, "90th-percentile": 1}, "true-negative": {"average": 141.69230769230768, "min": 140, "max": 143, "10th-percentile": 141, "90th-percentile": 142}}}, "mediawiki-extensions-CheckUser_merged_voted": {"accuracy_score": {"average": 0.8405141715461084, "min": 0.7447916666666666, "max": 0.9056603773584906, "10th-percentile": 0.7621621621621621, "90th-percentile": 0.89937106918239}, "confusion_matrix": {"true-positive": {"average": 0.8076923076923077, "min": 0, "max": 1, "10th-percentile": 0, "90th-percentile": 1}, "false-positive": {"average": 27.384615384615383, "min": 15, "max": 49, "10th-percentile": 16, "90th-percentile": 43}, "false-negative": {"average": 0.34615384615384615, "min": 0, "max": 1, "10th-percentile": 0, "90th-percentile": 1}, "true-negative": {"average": 141.73076923076923, "min": 140, "max": 143, "10th-percentile": 141, "90th-percentile": 142}}}}