{"generic_approved": {"accuracy_score": {"average": 0.14621168292816836, "min": 0.10967741935483871, "max": 0.345, "10th-percentile": 0.10967741935483871, "90th-percentile": 0.16352201257861634}, "confusion_matrix": {"true-positive": {"average": 0.20833333333333334, "min": 0, "max": 1, "10th-percentile": 0, "90th-percentile": 1}, "false-positive": {"average": 133.0, "min": 130, "max": 137, "10th-percentile": 130, "90th-percentile": 137}, "false-negative": {"average": 0.7083333333333334, "min": 0, "max": 2, "10th-percentile": 0, "90th-percentile": 1}, "true-negative": {"average": 23.208333333333332, "min": 17, "max": 69, "10th-percentile": 17, "90th-percentile": 25}}}, "generic_voted": {"accuracy_score": {"average": 0.14464477563390996, "min": 0.10897435897435898, "max": 0.345, "10th-percentile": 0.10967741935483871, "90th-percentile": 0.15822784810126583}, "confusion_matrix": {"true-positive": {"average": 0.4166666666666667, "min": 0, "max": 2, "10th-percentile": 0, "90th-percentile": 1}, "false-positive": {"average": 132.79166666666666, "min": 129, "max": 137, "10th-percentile": 130, "90th-percentile": 136}, "false-negative": {"average": 1.1666666666666667, "min": 0, "max": 5, "10th-percentile": 0, "90th-percentile": 2}, "true-negative": {"average": 22.75, "min": 16, "max": 69, "10th-percentile": 17, "90th-percentile": 24}}}, "mediawiki-extensions-AbuseFilter_approved": {"accuracy_score": {"average": 0.9851355531026729, "min": 0.9642857142857143, "max": 1.0, "10th-percentile": 0.9642857142857143, "90th-percentile": 1.0}, "confusion_matrix": {"true-positive": {"average": 0.0, "min": 0, "max": 0, "10th-percentile": 0, "90th-percentile": 0}, "false-positive": {"average": 1.4285714285714286, "min": 0, "max": 4, "10th-percentile": 0, "90th-percentile": 2}, "false-negative": {"average": 1.0, "min": 0, "max": 2, "10th-percentile": 0, "90th-percentile": 2}, "true-negative": {"average": [158.42857142857142], "min": 146, "max": 197, "10th-percentile": null, "90th-percentile": null, "_all_scores": [146, 152, 197, 146, 162, [155], [151]]}}}, "mediawiki-extensions-Awesomeness_approved": {"accuracy_score": {"average": 0.9833984500534736, "min": 0.9617834394904459, "max": 0.9935897435897436, "10th-percentile": 0.9617834394904459, "90th-percentile": 0.9935897435897436}, "confusion_matrix": {"true-positive": {"average": 0.0, "min": 0, "max": 0, "10th-percentile": 0, "90th-percentile": 0}, "false-positive": {"average": 1.6, "min": 0, "max": 5, "10th-percentile": 0, "90th-percentile": 5}, "false-negative": {"average": 1.0, "min": 1, "max": 1, "10th-percentile": 1, "90th-percentile": 1}, "true-negative": {"average": 153.4, "min": 151, "max": 155, "10th-percentile": 151, "90th-percentile": 155}}}, "mediawiki-extensions-CharRangeSpan_approved": {"accuracy_score": {"average": 0.15051880158161504, "min": 0.13924050632911392, "max": 0.16352201257861634, "10th-percentile": 0.13924050632911392, "90th-percentile": 0.15822784810126583}, "confusion_matrix": {"true-positive": {"average": 0.3333333333333333, "min": 0, "max": 1, "10th-percentile": 0, "90th-percentile": 1}, "false-positive": {"average": 134.16666666666666, "min": 133, "max": 135, "10th-percentile": 133, "90th-percentile": 135}, "false-negative": {"average": 0.3333333333333333, "min": 0, "max": 1, "10th-percentile": 0, "90th-percentile": 1}, "true-negative": {"average": 23.5, "min": 22, "max": 25, "10th-percentile": 22, "90th-percentile": 24}}}, "mediawiki-extensions-Form_approved": {"accuracy_score": {"average": 0.9464327464288113, "min": 0.9342105263157895, "max": 0.9548387096774194, "10th-percentile": 0.9342105263157895, "90th-percentile": 0.9536423841059603}, "confusion_matrix": {"true-positive": {"average": 0.6666666666666666, "min": 0, "max": 1, "10th-percentile": 0, "90th-percentile": 1}, "false-positive": {"average": 7.833333333333333, "min": 7, "max": 9, "10th-percentile": 7, "90th-percentile": 9}, "false-negative": {"average": 0.3333333333333333, "min": 0, "max": 1, "10th-percentile": 0, "90th-percentile": 1}, "true-negative": {"average": 143.66666666666666, "min": 142, "max": 147, "10th-percentile": 142, "90th-percentile": 145}}}, "mediawiki-extensions-AbuseFilter_voted": {"accuracy_score": {"average": 0.08475177504134883, "min": 0.075, "max": 0.09333333333333334, "10th-percentile": 0.075, "90th-percentile": 0.08928571428571429}, "confusion_matrix": {"true-positive": {"average": 0.5714285714285714, "min": 0, "max": 1, "10th-percentile": 0, "90th-percentile": 1}, "false-positive": {"average": 146.28571428571428, "min": 135, "max": 185, "10th-percentile": 135, "90th-percentile": 152}, "false-negative": {"average": 1.0, "min": 0, "max": 2, "10th-percentile": 0, "90th-percentile": 1}, "true-negative": {"average": 13.0, "min": 12, "max": 14, "10th-percentile": 12, "90th-percentile": 14}}}, "mediawiki-extensions-Awesomeness_voted": {"accuracy_score": {"average": 0.1140734828489092, "min": 0.10897435897435898, "max": 0.12738853503184713, "10th-percentile": 0.10897435897435898, "90th-percentile": 0.12738853503184713}, "confusion_matrix": {"true-positive": {"average": 0.8, "min": 0, "max": 2, "10th-percentile": 0, "90th-percentile": 2}, "false-positive": {"average": 137.2, "min": 136, "max": 139, "10th-percentile": 136, "90th-percentile": 139}, "false-negative": {"average": 1.0, "min": 0, "max": 3, "10th-percentile": 0, "90th-percentile": 3}, "true-negative": {"average": 17.0, "min": 16, "max": 18, "10th-percentile": 16, "90th-percentile": 18}}}, "mediawiki-extensions-CharRangeSpan_voted": {"accuracy_score": {"average": 0.14422949340551441, "min": 0.1320754716981132, "max": 0.15822784810126583, "10th-percentile": 0.1320754716981132, "90th-percentile": 0.1518987341772152}, "confusion_matrix": {"true-positive": {"average": 0.3333333333333333, "min": 0, "max": 1, "10th-percentile": 0, "90th-percentile": 1}, "false-positive": {"average": 134.16666666666666, "min": 133, "max": 135, "10th-percentile": 133, "90th-percentile": 135}, "false-negative": {"average": 1.3333333333333333, "min": 0, "max": 5, "10th-percentile": 0, "90th-percentile": 2}, "true-negative": {"average": 22.5, "min": 20, "max": 24, "10th-percentile": 20, "90th-percentile": 24}}}, "mediawiki-extensions-Form_voted": {"accuracy_score": {"average": 0.9431075272711112, "min": 0.9276315789473685, "max": 0.9612903225806452, "10th-percentile": 0.9276315789473685, "90th-percentile": 0.9536423841059603}, "confusion_matrix": {"true-positive": {"average": 0.6666666666666666, "min": 0, "max": 1, "10th-percentile": 0, "90th-percentile": 1}, "false-positive": {"average": 8.0, "min": 6, "max": 10, "10th-percentile": 6, "90th-percentile": 10}, "false-negative": {"average": 0.6666666666666666, "min": 0, "max": 2, "10th-percentile": 0, "90th-percentile": 1}, "true-negative": {"average": 143.16666666666666, "min": 141, "max": 148, "10th-percentile": 141, "90th-percentile": 145}}}, "mediawiki-extensions-AbuseFilter_open_approved": {"accuracy_score": {"average": null, "min": null, "max": null, "10th-percentile": null, "90th-percentile": null, "_all_scores": []}, "confusion_matrix": {"true-positive": {"average": null, "min": null, "max": null, "10th-percentile": null, "90th-percentile": null, "_all_scores": []}, "false-positive": {"average": null, "min": null, "max": null, "10th-percentile": null, "90th-percentile": null, "_all_scores": []}, "false-negative": {"average": null, "min": null, "max": null, "10th-percentile": null, "90th-percentile": null, "_all_scores": []}, "true-negative": {"average": null, "min": null, "max": null, "10th-percentile": null, "90th-percentile": null, "_all_scores": []}}}, "mediawiki-extensions-AbuseFilter_open_voted": {"accuracy_score": {"average": 0.08609271523178808, "min": 0.08609271523178808, "max": 0.08609271523178808, "10th-percentile": 0.08609271523178808, "90th-percentile": 0.08609271523178808}, "confusion_matrix": {"true-positive": {"average": 0.0, "min": 0, "max": 0, "10th-percentile": 0, "90th-percentile": 0},