{"top-k": {"mediawiki/extensions/CheckUser": {"generic": {"random": {"no mixing": {"merged": {"approved": {"1": 0.2800000000000001, "3": 0.3000000000000001, "5": 0.3000000000000001, "10": 0.3300000000000001}, "voted": {"1": 0.3100000000000001, "3": 0.35000000000000014, "5": 0.35000000000000014, "10": 0.37000000000000016}}, "open": {"approved": {"1": 0, "3": 0, "5": 0, "10": 0}, "voted": {"1": 0.01, "3": 0.02, "5": 0.02, "10": 0.02}}}, "Less mixing": {"merged": {"approved": {"1": 0.26000000000000006, "3": 0.2700000000000001, "5": 0.2700000000000001, "10": 0.2800000000000001}, "voted": {"1": 0.3100000000000001, "3": 0.3200000000000001, "5": 0.3200000000000001, "10": 0.3200000000000001}}, "open": {"approved": {"1": 0, "3": 0, "5": 0, "10": 0}, "voted": {"1": 0.01, "3": 0.02, "5": 0.02, "10": 0.02}}}, "default mixing": {"merged": {"approved": {"1": 0.2700000000000001, "3": 0.2900000000000001, "5": 0.3000000000000001, "10": 0.3000000000000001}, "voted": {"1": 0.3000000000000001, "3": 0.34000000000000014, "5": 0.34000000000000014, "10": 0.34000000000000014}}, "open": {"approved": {"1": 0, "3": 0, "5": 0, "10": 0}, "voted": {"1": 0.02, "3": 0.02, "5": 0.02, "10": 0.02}}}}, "semi-random": {"no mixing": {"merged": {"approved": {"1": 0.2800000000000001, "3": 0.2800000000000001, "5": 0.2800000000000001, "10": 0.3000000000000001}, "voted": {"1": 0.3100000000000001, "3": 0.3300000000000001, "5": 0.3300000000000001, "10": 0.35000000000000014}}, "open": {"approved": {"1": 0, "3": 0, "5": 0, "10": 0}, "voted": {"1": 0.01, "3": 0.02, "5": 0.02, "10": 0.02}}}, "Less mixing": {"merged": {"approved": {"1": 0.2700000000000001, "3": 0.2900000000000001, "5": 0.2900000000000001, "10": 0.3000000000000001}, "voted": {"1": 0.3200000000000001, "3": 0.3300000000000001, "5": 0.3300000000000001, "10": 0.34000000000000014}}, "open": {"approved": {"1": 0, "3": 0, "5": 0, "10": 0}, "voted": {"1": 0.01, "3": 0.02, "5": 0.02, "10": 0.02}}}, "default mixing": {"merged": {"approved": {"1": 0.26000000000000006, "3": 0.2800000000000001, "5": 0.2800000000000001, "10": 0.3000000000000001}, "voted": {"1": 0.3200000000000001, "3": 0.3300000000000001, "5": 0.3300000000000001, "10": 0.35000000000000014}}, "open": {"approved": {"1": 0, "3": 0, "5": 0, "10": 0}, "voted": {"1": 0.02, "3": 0.02, "5": 0.02, "10": 0.02}}}}, "in-order": {"no mixing": {"merged": {"approved": {"1": 0.2800000000000001, "3": 0.2900000000000001, "5": 0.2900000000000001, "10": 0.3000000000000001}, "voted": {"1": 0.3200000000000001, "3": 0.34000000000000014, "5": 0.34000000000000014, "10": 0.35000000000000014}}, "open": {"approved": {"1": 0, "3": 0, "5": 0, "10": 0}, "voted": {"1": 0.02, "3": 0.02, "5": 0.02, "10": 0.02}}}, "Less mixing": {"merged": {"approved": {"1": 0.2700000000000001, "3": 0.2800000000000001, "5": 0.2800000000000001, "10": 0.2900000000000001}, "voted": {"1": 0.3000000000000001, "3": 0.3200000000000001, "5": 0.3200000000000001, "10": 0.3300000000000001}}, "open": {"approved": {"1": 0, "3": 0, "5": 0, "10": 0}, "voted": {"1": 0.02, "3": 0.02, "5": 0.02, "10": 0.02}}}, "default mixing": {"merged": {"approved": {"1": 0.2700000000000001, "3": 0.2800000000000001, "5": 0.2800000000000001, "10": 0.2900000000000001}, "voted": {"1": 0.3100000000000001, "3": 0.3300000000000001, "5": 0.3300000000000001, "10": 0.34000000000000014}}, "open": {"approved": {"1": 0, "3": 0, "5": 0, "10": 0}, "voted": {"1": 0.02, "3": 0.02, "5": 0.02, "10": 0.02}}}}}, "repo-specific": {"random": {"no mixing": {"merged": {"approved": {"1": 0.01, "3": 0.02, "5": 0.060000000000000005, "10": 0.12999999999999998}, "voted": {"1": 0.03, "3": 0.04, "5": 0.08, "10": 0.15}}, "open": {"approved": {"1": 0, "3": 0, "5": 0, "10": 0}, "voted": {"1": 0, "3": 0, "5": 0, "10": 0.01}}}, "Less mixing": {"merged": {"approved": {"1": 0, "3": 0, "5": 0.03, "10": 0.10999999999999999}, "voted": {"1": 0, "3": 0, "5": 0.03, "10": 0.10999999999999999}}, "open": {"approved": {"1": 0, "3": 0, "5": 0, "10": 0}, "voted": {"1": 0, "3": 0, "5": 0, "10": 0.01}}}, "default mixing": {"merged": {"approved": {"1": 0.02, "3": 0.03, "5": 0.04, "10": 0.05}, "voted": {"1": 0.02, "3": 0.03, "5": 0.04, "10": 0.07}}, "open": {"approved": {"1": 0, "3": 0, "5": 0, "10": 0}, "voted": {"1": 0, "3": 0, "5": 0, "10": 0.01}}}}, "semi-random": {"no mixing": {"merged": {"approved": {"1": 0.03, "3": 0.12999999999999998, "5": 0.12999999999999998, "10": 0.18000000000000002}, "voted": {"1": 0.03, "3": 0.12999999999999998, "5": 0.13999999999999999, "10": 0.21000000000000005}}, "open": {"approved": {"1": 0, "3": 0, "5": 0, "10": 0}, "voted": {"1": 0, "3": 0, "5": 0, "10": 0.01}}}, "Less mixing": {"merged": {"approved": {"1": 0.02, "3": 0.10999999999999999, "5": 0.12999999999999998, "10": 0.17}, "voted": {"1": 0.02, "3": 0.10999999999999999, "5": 0.15, "10": 0.21000000000000005}}, "open": {"approved": {"1": 0, "3": 0, "5": 0, "10": 0}, "voted": {"1": 0, "3": 0, "5": 0, "10": 0.01}}}, "default mixing": {"merged": {"approved": {"1": 0.05, "3": 0.09, "5": 0.12999999999999998, "10": 0.16}, "voted": {"1": 0.05, "3": 0.09, "5": 0.12999999999999998, "10": 0.20000000000000004}}, "open": {"approved": {"1": 0, "3": 0, "5": 0, "10": 0}, "voted": {"1": 0, "3": 0, "5": 0, "10": 0.01}}}}, "in-order": {"no mixing": {"merged": {"approved": {"1": 0.09999999999999999, "3": 0.10999999999999999, "5": 0.10999999999999999, "10": 0.19000000000000003}, "voted": {"1": 0.09999999999999999, "3": 0.10999999999999999, "5": 0.10999999999999999, "10": 0.23000000000000007}}, "open": {"approved": {"1": 0, "3": 0, "5": 0, "10": 0}, "voted": {"1": 0, "3": 0, "5": 0, "10": 0.01}}}, "Less mixing": {"merged": {"approved": {"1": 0.11999999999999998, "3": 0.12999999999999998, "5": 0.12999999999999998, "10": 0.16}, "voted": {"1": 0.11999999999999998, "3": 0.12999999999999998, "5": 0.12999999999999998, "10": 0.20000000000000004}}, "open": {"approved": {"1": 0, "3": 0, "5": 0, "10": 0}, "voted": {"1": 0, "3": 0, "5": 0, "10": 0.01}}}, "default mixing": {"merged": {"approved": {"1": 0.11999999999999998, "3": 0.12999999999999998, "5": 0.12999999999999998, "10": 0.16}, "voted": {"1": 0.11999999999999998, "3": 0.12999999999999998, "5": 0.12999999999999998, "10": 0.20000000000000004}}, "open": {"approved": {"1": 0, "3": 0, "5": 0, "10": 0}, "voted": {"1": 0, "3": 0, "5": 0, "10": 0.01}}}}}, "open": {"random": {}}}}, "mrr": {"mediawiki/extensions/CheckUser": {"generic": {"random": {"no mixing": {"merged": {"approved": 0.23849299000672528, "voted": 0.2634511476434573}, "open": {"approved": 0.00014492753623188405, "voted": 0.015}}, "Less mixing": {"merged": {"approved": 0.27644710106306597, "voted": 0.29471814387772527}, "open": {"approved": 0.00014492753623188405, "voted": 0.02}}, "default mixing": {"merged": {"approved": 0.21152124674285006, "voted": 0.23320426858532428}, "open": {"approved": 0.00014492753623188405, "voted": 0.02}}}, "semi-random": {"no mixing": {"merged": {"approved": 0.24807833947970814, "voted": 0.26304093121465544}, "open": {"approved": 0.00014492753623188405, "voted": 0.02}}, "Less mixing": {"merged": {"approved": 0.27661151490496344, "voted": 0.2932419420770309}, "open": {"approved": 0.00014492753623188405, "voted": 0.02}}, "default mixing": {"merged": {"approved": 0.25689998309039885, "voted": 0.2785292414920128}, "open": {"approved": 0.00014492753623188405, "voted": 0.013333333333333332}}}, "in-order": {"no mixing": {"merged": {"approved": 0.31822287607881844, "voted": 0.34485213448043245}, "open": {"approved": 0.00014492753623188405, "voted": 0.02}}, "Less mixing": {"merged": {"approved": 0.33807794093204535, "voted": 0.36470719933365936}, "open": {"approved": 0.00014492753623188405, "voted": 0.02}}, "default mixing": {"merged": {"approved": 0.3281498833780884, "voted": 0.35477914177970243}, "open": {"approved": 0.00014492753623188405, "voted": 0.02}}}}, "repo-specific": {"random": {"no mixing": {"merged": {"approved": 0.061057157063302024, "voted": 0.05866656873377341}, "open": {"approved": 0.00013559477845192134,