{"top-k": {"mediawiki/extensions/CheckUser": {"generic": {"random": {"merged": {"approved": {"1": 0.01, "3": 0.04, "5": 0.060000000000000005, "10": 0.19000000000000003}, "voted": {"1": 0.01, "3": 0.04, "5": 0.060000000000000005, "10": 0.23000000000000007}}, "open": {"approved": {"1": 0, "3": 0, "5": 0, "10": 0}, "voted": {"1": 0, "3": 0, "5": 0.01, "10": 0.01}}}, "semi-random": {"merged": {"approved": {"1": 0.08, "3": 0.23000000000000007, "5": 0.35000000000000014, "10": 0.37000000000000016}, "voted": {"1": 0.09999999999999999, "3": 0.25000000000000006, "5": 0.37000000000000016, "10": 0.4000000000000002}}, "open": {"approved": {"1": 0, "3": 0, "5": 0, "10": 0}, "voted": {"1": 0, "3": 0.01, "5": 0.01, "10": 0.01}}}, "in-order": {"merged": {"approved": {"1": 0.18000000000000002, "3": 0.3100000000000001, "5": 0.36000000000000015, "10": 0.38000000000000017}, "voted": {"1": 0.20000000000000004, "3": 0.3200000000000001, "5": 0.38000000000000017, "10": 0.4000000000000002}}, "open": {"approved": {"1": 0, "3": 0, "5": 0, "10": 0}, "voted": {"1": 0.01, "3": 0.01, "5": 0.01, "10": 0.01}}}}, "repo-specific": {"random": {"merged": {"approved": {"1": 0.09999999999999999, "3": 0.18000000000000002, "5": 0.21000000000000005, "10": 0.2800000000000001}, "voted": {"1": 0.10999999999999999, "3": 0.20000000000000004, "5": 0.23000000000000007, "10": 0.2900000000000001}}, "open": {"approved": {"1": 0, "3": 0, "5": 0, "10": 0}, "voted": {"1": 0.01, "3": 0.01, "5": 0.01, "10": 0.01}}}, "semi-random": {"merged": {"approved": {"1": 0.11999999999999998, "3": 0.24000000000000007, "5": 0.26000000000000006, "10": 0.2900000000000001}, "voted": {"1": 0.11999999999999998, "3": 0.24000000000000007, "5": 0.2700000000000001, "10": 0.2900000000000001}}, "open": {"approved": {"1": 0, "3": 0, "5": 0, "10": 0}, "voted": {"1": 0, "3": 0.01, "5": 0.01, "10": 0.01}}}, "in-order": {"merged": {"approved": {"1": 0.23000000000000007, "3": 0.26000000000000006, "5": 0.2800000000000001, "10": 0.3000000000000001}, "voted": {"1": 0.25000000000000006, "3": 0.2800000000000001, "5": 0.2900000000000001, "10": 0.3100000000000001}}, "open": {"approved": {"1": 0, "3": 0, "5": 0, "10": 0}, "voted": {"1": 0.01, "3": 0.01, "5": 0.01, "10": 0.01}}}}, "merged": {"random": {"merged": {"approved": {"1": 0.04, "3": 0.08, "5": 0.16, "10": 0.3000000000000001}, "voted": {"1": 0.04, "3": 0.09, "5": 0.19000000000000003, "10": 0.3300000000000001}}, "open": {"approved": {"1": 0, "3": 0, "5": 0, "10": 0}, "voted": {"1": 0.01, "3": 0.01, "5": 0.01, "10": 0.02}}}, "semi-random": {"merged": {"approved": {"1": 0.22000000000000006, "3": 0.38000000000000017, "5": 0.5500000000000003, "10": 0.5900000000000003}, "voted": {"1": 0.22000000000000006, "3": 0.4100000000000002, "5": 0.5600000000000003, "10": 0.6000000000000003}}, "open": {"approved": {"1": 0, "3": 0, "5": 0, "10": 0}, "voted": {"1": 0.02, "3": 0.02, "5": 0.02, "10": 0.02}}}, "in-order": {"merged": {"approved": {"1": 0.25000000000000006, "3": 0.47000000000000025, "5": 0.5600000000000003, "10": 0.5900000000000003}, "voted": {"1": 0.2900000000000001, "3": 0.49000000000000027, "5": 0.5700000000000003, "10": 0.6000000000000003}}, "open": {"approved": {"1": 0, "3": 0, "5": 0, "10": 0}, "voted": {"1": 0.02, "3": 0.02, "5": 0.02, "10": 0.02}}}}, "abandoned": {}}}, "mrr": {"mediawiki/extensions/CheckUser": {"generic": {"random": {"merged": {"approved": 0.10982430411832417, "voted": 0.08279936766846509}, "open": {"approved": 0.0011764705882352942, "voted": 0.0020168067226890756}}, "semi-random": {"merged": {"approved": 0.2864289630269245, "voted": 0.20888041027248938}, "open": {"approved": 0.011176470588235295, "voted": 0.0005882352941176471}}, "in-order": {"merged": {"approved": 0.31085257413803563, "voted": 0.281764338843918}, "open": {"approved": 0.0011764705882352942, "voted": 0.010588235294117647}}}, "repo-specific": {"random": {"merged": {"approved": 0.1332266140498757, "voted": 0.14535702176851875}, "open": {"approved": 0.00013986697965571207, "voted": 0.0034615384615384616}}, "semi-random": {"merged": {"approved": 0.1794390603378624, "voted": 0.19041095576269892}, "open": {"approved": 0.00013986697965571207, "voted": 0.0038095238095238095}}, "in-order": {"merged": {"approved": 0.26922583367465946, "voted": 0.28694435698141807}, "open": {"approved": 0.00013986697965571207, "voted": 0.010476190476190477}}}, "merged": {"random": {"merged": {"approved": 0.14276076434653986, "voted": 0.0992372045729801}, "open": {"approved": 0.0011111111111111111, "voted": 0.0031111111111111114}}, "semi-random": {"merged": {"approved": 0.28086537705123, "voted": 0.2521719038577568}, "open": {"approved": 0.0011111111111111111, "voted": 0.013333333333333332}}, "in-order": {"merged": {"approved": 0.41911234250407803, "voted": 0.4043193022110378}, "open": {"approved": 0.0011111111111111111, "voted": 0.02}}}, "abandoned": {}}}}