{"top-k": {"mediawiki/extensions/CheckUser": {"merged": {"approved": {"1": 0.13333333333333333, "3": 0.26, "5": 0.2866666666666667, "10": 0.2866666666666667}, "voted": {"1": 0.13333333333333333, "3": 0.26, "5": 0.2866666666666667, "10": 0.2866666666666667}}, "open": {"approved": {"1": 0.0, "3": 0.0, "5": 0.0, "10": 0.0}, "voted": {"1": 0.0, "3": 0.0, "5": 0.0, "10": 0.0}}}}, "mrr": {"mediawiki/extensions/CheckUser": {"merged": {"approved": 0.39098607891076925, "voted": 0.33535394357075754}, "open": {"approved": 8.812513769552765e-06, "voted": 0.007777777777777778}}}}