{"Top-k scores for approved and k of 1 without mediawiki/core": [0.0013565854425319343, 0.8328639861245957, 1.5647548992905424e-16], "Top-k scores for approved and k of 1": [0.00013767159157790905, 0.2866880153116358, 0.025088947095820973], "Top-k scores for approved and k of 3 without mediawiki/core": [0.0027464934521336908, 0.9097833004613837, 8.1242198078832e-24], "Top-k scores for approved and k of 3": [0.0003303306592357686, 0.3693387276627613, 0.0033973966390306], "Top-k scores for approved and k of 5 without mediawiki/core": [0.0029663366270851707, 0.9018435413859683, 8.380945094509795e-23], "Top-k scores for approved and k of 5": [0.0004140105549090684, 0.4213492180760425, 0.0007204218386728949], "Top-k scores for approved and k of 10 without mediawiki/core": [0.0031881578953328925, 0.9320313040516892, 3.0144344914760224e-27], "Top-k scores for approved and k of 10": [0.0005263377714358923, 0.5056687344460392, 3.225593771692464e-05], "Top-k scores for voted and k of 1 without mediawiki/core": [0.001551909320579311, 0.8650904520463012, 5.016791017220317e-19], "Top-k scores for voted and k of 1": [0.0001675945625007757, 0.3165062551164301, 0.012951413117450211], "Top-k scores for voted and k of 3 without mediawiki/core": [0.002909011181361107, 0.9179553967004963, 5.807083213437954e-25], "Top-k scores for voted and k of 3": [0.0003498450987140544, 0.3725845085148545, 0.0031060146607815287], "Top-k scores for voted and k of 5 without mediawiki/core": [0.003117879713505651, 0.9151886597830668, 1.4613348636545372e-24], "Top-k scores for voted and k of 5": [0.000438361383246213, 0.4303080721908342, 0.0005373967792103143], "Top-k scores for voted and k of 10 without mediawiki/core": [0.0033557371274068764, 0.9426481791481018, 2.537471300791262e-29], "Top-k scores for voted and k of 10": [0.0005567479805535947, 0.5132448008914149, 2.340230060069063e-05], "MRR scores for approved without mediawiki/core": [0.0022007317976856203, 0.9389302652403261, 1.4894033284281702e-28], "MRR scores for approved": [0.00033018383062017557, 0.4679580839459416, 0.000143018215182629], "MRR scores for voted without mediawiki/core": [0.0023482381098150176, 0.9558691266446502, 1.526376412481879e-32], "MRR scores for voted": [0.0003356405666312538, 0.45563661828192054, 0.0002243371000549102]}